field_name;what_it_represents;field_type;example;have_null;have_empty;null_count;empty_count;distinct_count;sample_values;min_value;max_value;layer_name;geometry_type;crs;feature_count
fid;Identificator stabil al înregistrării din subsetul furnizat.;Integer;1;n;n;0;0;164;;1;759;4326_S1_Unitățile de Învățământ Preuniversitar din Municipiul București 2022-2023;Point;EPSG:4326;164
Cod SIIIR;Identificatorul unității în Sistemul Informatic Integrat al Învățământului din România.;String;4061102938;n;n;0;0;151;;;;4326_S1_Unitățile de Învățământ Preuniversitar din Municipiul București 2022-2023;Point;EPSG:4326;164
Denumirea unității de învățământ;Denumirea unității de învățământ. Semnificația urmează metodologia sursei.;String;Grădiniţa nr. 42;n;n;0;0;157;;;;4326_S1_Unitățile de Învățământ Preuniversitar din Municipiul București 2022-2023;Point;EPSG:4326;164
Tip unitate;Tip unitate. Semnificația urmează metodologia sursei.;String;Unitate de învățământ;n;n;0;0;5;Club Sportiv Școlar | Club al copiilor | Club sportiv şcolar | Club sportiv școlar | Unitate de învățământ;;;4326_S1_Unitățile de Învățământ Preuniversitar din Municipiul București 2022-2023;Point;EPSG:4326;164
Nivel Primar;"1 = nivelul de învățământ există; 0 = nu există.";Integer;0;n;n;0;0;2;0 | 1;0;1;4326_S1_Unitățile de Învățământ Preuniversitar din Municipiul București 2022-2023;Point;EPSG:4326;164
Nivel Gimnazial;"1 = nivelul de învățământ există; 0 = nu există.";Integer;0;n;n;0;0;2;0 | 1;0;1;4326_S1_Unitățile de Învățământ Preuniversitar din Municipiul București 2022-2023;Point;EPSG:4326;164
Nivel Liceal;"1 = nivelul de învățământ există; 0 = nu există.";Integer;0;n;n;0;0;2;0 | 1;0;1;4326_S1_Unitățile de Învățământ Preuniversitar din Municipiul București 2022-2023;Point;EPSG:4326;164
Regim Juridic - Tip de proprietate;Regim Juridic - Tip de proprietate. Semnificația urmează metodologia sursei.;String;Public de interes național și local;n;n;0;0;2;Privat | Public de interes național și local;;;4326_S1_Unitățile de Învățământ Preuniversitar din Municipiul București 2022-2023;Point;EPSG:4326;164
Număr total elevi;Număr total elevi. NULL = informație lipsă, nu zero.;Integer;240;n;n;0;0;125;;0;1682;4326_S1_Unitățile de Învățământ Preuniversitar din Municipiul București 2022-2023;Point;EPSG:4326;164
Număr de schimburi;Număr de schimburi. NULL = informație lipsă, nu zero.;Integer;1;n;n;0;0;3;1 | 2 | 3;1;3;4326_S1_Unitățile de Învățământ Preuniversitar din Municipiul București 2022-2023;Point;EPSG:4326;164
Număr săli de clasă;Număr săli de clasă. NULL = informație lipsă, nu zero.;Integer;13;y;n;61;0;34;;1;65;4326_S1_Unitățile de Învățământ Preuniversitar din Municipiul București 2022-2023;Point;EPSG:4326;164
Număr laboratoare;Număr laboratoare. NULL = informație lipsă, nu zero.;Integer;8;y;n;99;0;12;;1;13;4326_S1_Unitățile de Învățământ Preuniversitar din Municipiul București 2022-2023;Point;EPSG:4326;164
Număr săli de sport;Număr săli de sport. NULL = informație lipsă, nu zero.;Integer;1;y;n;99;0;5;1 | 11 | 2 | 3 | 7;1;11;4326_S1_Unitățile de Învățământ Preuniversitar din Municipiul București 2022-2023;Point;EPSG:4326;164
Număr cabinete medicale;Număr cabinete medicale. NULL = informație lipsă, nu zero.;Integer;1;y;n;90;0;3;1 | 2 | 3;1;3;4326_S1_Unitățile de Învățământ Preuniversitar din Municipiul București 2022-2023;Point;EPSG:4326;164
